"report_id","report_name","report_code","dept","weight","target_percentage","target_condition","main_yut","main_indicator","table_process","is_active"
"11","ผู้ป่วยยาเสพติดเข้าสู่กระบวนการบำบัดรักษา ได้รับการดูแลอย่างมีคุณภาพต่อเนื่อง จนถึงการติดตาม (เฉพาะระบบสมัครใจ) (Retention Rate)","excellence-indicator-1-1","ยสต.","10","70","GTE","ยุทธศาสตร์ที่ 1. ด้านส่งเสริมสุขภาพ ป้องกันโรค และคุ้มครองผู้บริโภคเป็นเลิศ (37)",,"excellence_indicator_1_1","1"
"12","ประชาชนที่มีความเสี่ยงสูงต่อการก่อความรุนแรงรายใหม่เข้ารับการรักษา","excellence-indicator-1-2","ยสต.","10","100","GTE","ยุทธศาสตร์ที่ 1. ด้านส่งเสริมสุขภาพ ป้องกันโรค และคุ้มครองผู้บริโภคเป็นเลิศ (37)",,"excellence_indicator_1_2","1"
"13","การจัดตั้งคณะกรรมการดำเนินงานเฝ้าระวัง บังคับใช้กฎหมายและประชาสัมพันธ์ให้ความรู้ ความเข้าใจ โทษและพิษภัยของบุหรี่ บุหรี่ไฟฟ้า เครื่องดื่มแอลกอฮอล์ กัญชาและกระท่อม โดยใช้กลไกของคณะกรรมการพัฒนาคุณภาพชีวิตระดับอำเภอ (พชอ.)","excellence-indicator-1-3","ยสต.","10",,"LTE","ยุทธศาสตร์ที่ 1. ด้านส่งเสริมสุขภาพ ป้องกันโรค และคุ้มครองผู้บริโภคเป็นเลิศ (37)",,"excellence_indicator_1_3","1"
"15","อัตราส่วนการตายมารดาไทยต่อการเกิดมีชีพแสนคน ไม่เกิน 16","excellence-indicator-1-5","สส.","10","15","LT","ยุทธศาสตร์ที่ 1. ด้านส่งเสริมสุขภาพ ป้องกันโรค และคุ้มครองผู้บริโภคเป็นเลิศ (37)",,"excellence_indicator_1_5","1"
"17","อัตราการคลอดก่อนกำหนดไม่เกิน 8","excellence-indicator-1-7","สส.","10","8","LT","ยุทธศาสตร์ที่ 1. ด้านส่งเสริมสุขภาพ ป้องกันโรค และคุ้มครองผู้บริโภคเป็นเลิศ (37)",,"s_preterm1_hdc","1"
"118","คลินิกผู้สูงอายุผ่านเกณฑ์คุณภาพในโรงพยาบาล","excellence-indicator-1-18","สส.","10","100","GTE","ยุทธศาสตร์ที่ 1. ด้านส่งเสริมสุขภาพ ป้องกันโรค และคุ้มครองผู้บริโภคเป็นเลิศ (37)",,"excellence_indicator_1_18","1"
"119","ตำบลมีการดำเนินงานชมรมผู้สูงอายุคุณภาพด้านสุขภาพ","excellence-indicator-1-19","สส.","10","30","GTE","ยุทธศาสตร์ที่ 1. ด้านส่งเสริมสุขภาพ ป้องกันโรค และคุ้มครองผู้บริโภคเป็นเลิศ (37)",,"excellence_indicator_1_19","1"
"121","หน่วยบริการในสังกัดผ่านองค์กรรอบรู้ด้านสุขภาพ ","excellence-indicator-1-21","สส.","10","100","GTE","ยุทธศาสตร์ที่ 1. ด้านส่งเสริมสุขภาพ ป้องกันโรค และคุ้มครองผู้บริโภคเป็นเลิศ (37)",,"excellence_indicator_1_21","1"
"123","เครือข่ายบริการ(CUP) ดำเนินกิจกรรมโรงเรียนเด็กฟันดีประจำอำเภออย่างน้อย 1 โรงเรียน","excellence-indicator-1-23","ทต.","10","1","GTE","ยุทธศาสตร์ที่ 1. ด้านส่งเสริมสุขภาพ ป้องกันโรค และคุ้มครองผู้บริโภคเป็นเลิศ (37)",,"excellence_indicator_1_23","1"
"126","ความสำเร็จของระดับจังหวัดและระดับอำเภอมีการจัดการตอบโต้ภาวะฉุกเฉินด้านการแพทย์และสาธารณสุข ผ่านเกณฑ์ระดับดีมาก","excellence-indicator-1-26","คร.","10","70","GTE","ยุทธศาสตร์ที่ 1. ด้านส่งเสริมสุขภาพ ป้องกันโรค และคุ้มครองผู้บริโภคเป็นเลิศ (37)",,"excellence_indicator_1_26","1"
"129","โรงพยาบาลที่พัฒนาอนามัยสิ่งแวดล้อมได้ตามเกณฑ์ระดับมาตรฐาน HER 9","excellence-indicator-1-29","อวล.","10","50","GTE","ยุทธศาสตร์ที่ 1. ด้านส่งเสริมสุขภาพ ป้องกันโรค และคุ้มครองผู้บริโภคเป็นเลิศ (37)",,"excellence_indicator_1_29","1"
"133","ผู้ที่มีผลผิดปกติจากการคัดกรองโรคมะเร็ง ได้รับการส่งต่อ วินิจฉัยรักษา","excellence-indicator-1-33","NCD","10","100","EQ","ยุทธศาสตร์ที่ 1. ด้านส่งเสริมสุขภาพ ป้องกันโรค และคุ้มครองผู้บริโภคเป็นเลิศ (37)",,"excellence_indicator_1_33","1"
"136","การตรวจติดตามยืนยันวินิจฉัยกลุ่มสงสัยป่วยโรคเบาหวาน","excellence-indicator-1-36","NCD","10","70","GTE","ยุทธศาสตร์ที่ 1. ด้านส่งเสริมสุขภาพ ป้องกันโรค และคุ้มครองผู้บริโภคเป็นเลิศ (37)",,"s_ncd_screen_repleate1_hdc","1"
"141","สถานที่จำหน่ายอาหารดำเนินการตามมาตรฐาน SAN  ","excellence-indicator-1-4-1","คบส.","10","65","GTE","ยุทธศาสตร์ที่ 1. ด้านส่งเสริมสุขภาพ ป้องกันโรค และคุ้มครองผู้บริโภคเป็นเลิศ (37)","สถานที่จำหน่ายอาหารและผลิตภัณฑ์ได้มาตรฐาน","excellence_indicator_1_4_1","1"
"142","แผงลอยจำหน่ายอาหาร ดำเนินการตามมาตรฐาน SAN  ","excellence-indicator-1-4-2","คบส.","10","85","GTE","ยุทธศาสตร์ที่ 1. ด้านส่งเสริมสุขภาพ ป้องกันโรค และคุ้มครองผู้บริโภคเป็นเลิศ (37)","สถานที่จำหน่ายอาหารและผลิตภัณฑ์ได้มาตรฐาน","excellence_indicator_1_4_2","1"
"143","อาหารริมบาทวิถีดำเนินการตามมาตรฐาน SAN  ","excellence-indicator-1-4-3","คบส.","10","65","GTE","ยุทธศาสตร์ที่ 1. ด้านส่งเสริมสุขภาพ ป้องกันโรค และคุ้มครองผู้บริโภคเป็นเลิศ (37)","สถานที่จำหน่ายอาหารและผลิตภัณฑ์ได้มาตรฐาน","excellence_indicator_1_4_3","1"
"144","ตลาดประเภทที่ 1 (ตลาดสด)ดำเนินการตามมาตรฐาน SAN  ","excellence-indicator-1-4-4","คบส.","10","100","GTE","ยุทธศาสตร์ที่ 1. ด้านส่งเสริมสุขภาพ ป้องกันโรค และคุ้มครองผู้บริโภคเป็นเลิศ (37)","สถานที่จำหน่ายอาหารและผลิตภัณฑ์ได้มาตรฐาน","excellence_indicator_1_4_4","1"
"145","ตลาดประเภทที่ 2 (ตลาดนัด)ดำเนินการตามมาตรฐาน SAN  ","excellence-indicator-1-4-5","คบส.","10","65","GTE","ยุทธศาสตร์ที่ 1. ด้านส่งเสริมสุขภาพ ป้องกันโรค และคุ้มครองผู้บริโภคเป็นเลิศ (37)","สถานที่จำหน่ายอาหารและผลิตภัณฑ์ได้มาตรฐาน","excellence_indicator_1_4_5","1"
"146","โรงพยาบาลผ่านมาตรฐานโรงพยาบาลอาหารปลอดภัย  ","excellence-indicator-1-4-6","คบส.","10","85","GTE","ยุทธศาสตร์ที่ 1. ด้านส่งเสริมสุขภาพ ป้องกันโรค และคุ้มครองผู้บริโภคเป็นเลิศ (37)","สถานที่จำหน่ายอาหารและผลิตภัณฑ์ได้มาตรฐาน","excellence_indicator_1_4_6","1"
"147","ผลิตภัณฑ์อาหารได้มาตรฐาน ","excellence-indicator-1-4-7","คบส.","10","95","GTE","ยุทธศาสตร์ที่ 1. ด้านส่งเสริมสุขภาพ ป้องกันโรค และคุ้มครองผู้บริโภคเป็นเลิศ (37)","สถานที่จำหน่ายอาหารและผลิตภัณฑ์ได้มาตรฐาน","excellence_indicator_1_4_7","1"
"241","ความถูกต้องเหมาะสมของการดูแลผู้ป่วยส่งต่อใน 3 โรคสำคัญ (STEMI Head inj. และ Appendicitis ในเด็ก) Process","excellence-indicator-2-41","พบ.","10","80","GTE","ยุทธศาสตร์ที่ 2. พัฒนาระบบบริการที่เป็นเลิศ(Service Excellence) (9)",,"excellence_indicator_2_41","1"
"242","โรงพยาบาลที่เปิดให้บริการการแพทย์ทางไกลในกลุ่มโรคเรื้อรัง","excellence-indicator-2-42","พบ.","10","80","GTE","ยุทธศาสตร์ที่ 2. พัฒนาระบบบริการที่เป็นเลิศ(Service Excellence) (9)",,"excellence_indicator_2_42","1"
"245","อำเภอที่ผ่านเกณฑ์การใช้ยาอย่างสมเหตุผล (RDU District)","excellence-indicator-2-45","คบส.","10","60","GTE","ยุทธศาสตร์ที่ 2. พัฒนาระบบบริการที่เป็นเลิศ(Service Excellence) (9)",,"excellence-indicator-2-45","1"
"246","ผู้ป่วยวิกฤตฉุกเฉินเข้าถึงบริการการแพทย์ฉุกเฉิน","excellence-indicator-2-46","EMS","10","29","GTE","ยุทธศาสตร์ที่ 2. พัฒนาระบบบริการที่เป็นเลิศ(Service Excellence) (9)",,"excellence_indicator_2_46","1"
"347","หน่วยบริการมีการพัฒนาศักยภาพบุคลากรในกลุ่มวิชาชีพและกลุ่มสนับสนุน ไม่น้อยกว่า 50 ","excellence-indicator-3-47","บค.","10","60","GTE","ยุทธศาสตร์ที่ 3. พัฒนากำลังคนและภาคีเครือข่ายที่เป็นเลิศ (People Excellence) (2)",,"excellence_indicator_3_47","1"
"348","หน่วยบริการมีกระบวนการในการพิจารณาเลื่อนขั้นเงินเดือนไม่เกิน กรอบเวลา ","excellence-indicator-3-48","บค.","10","100","GTE","ยุทธศาสตร์ที่ 3. พัฒนากำลังคนและภาคีเครือข่ายที่เป็นเลิศ (People Excellence) (2)",,"excellence_indicator_3_48","1"
"449","หน่วยบริการผ่านเกณฑ์ ITA","excellence-indicator-4-49","กฎหมาย","10","94","GTE","ยุทธศาสตร์ที่ 4. พัฒนาระบบบริหารจัดการที่เป็นเลิศ (Governance Excellence) (8)",,"excellence_indicator_4_49","1"
"451","หน่วยบริการมีการบริหารระบบการจัดเก็บรายได้ค่ารักษาพยาบาลที่มีประสิทธิภาพ ระดับดี ขึ้นไป","excellence-indicator-4-51","ปก.","10","90","GTE","ยุทธศาสตร์ที่ 4. พัฒนาระบบบริหารจัดการที่เป็นเลิศ (Governance Excellence) (8)",,"excellence_indicator_4_51","1"
"452","หน่วยบริการผ่านเกณฑ์มาตรฐานHA","excellence-indicator-4-52","พบ.","10","93","GTE","ยุทธศาสตร์ที่ 4. พัฒนาระบบบริหารจัดการที่เป็นเลิศ (Governance Excellence) (8)",,"excellence_indicator_4_52","1"
"453","หน่วยบริการยื่นขอรับประเมิน HAIT","excellence-indicator-4-53","DH","10","100","GTE","ยุทธศาสตร์ที่ 4. พัฒนาระบบบริหารจัดการที่เป็นเลิศ (Governance Excellence) (8)",,"excellence_indicator_4_53","1"
"454","รพ.ผ่านเกณฑ์การประเมินความเสี่ยงด้าน Cyber(CTEM)","excellence-indicator-4-54","DH","10","100","GTE","ยุทธศาสตร์ที่ 4. พัฒนาระบบบริหารจัดการที่เป็นเลิศ (Governance Excellence) (8)",,"excellence_indicator_4_54","1"
"455","รพ.ผ่านเกณฑ์การประเมิน  รพ.อัจฉริยะระดับทองขึ้นไป  ","excellence-indicator-4-55","DH","10","90","GTE","ยุทธศาสตร์ที่ 4. พัฒนาระบบบริหารจัดการที่เป็นเลิศ (Governance Excellence) (8)",,"excellence_indicator_4_55","1"
"557","รายรับจากการให้บริการผู้ป่วยนอกที่ได้รับการบริการด้านการแพทย์แผนไทยและการแพทย์ทางเลือกที่ได้มาตรฐานต่อจำนวนครั้งการให้บริการผู้ป่วยนอก","excellence-indicator-5-57","ผท.","10","30","GTE","ยุทธศาสตร์ที่ 5. ความเป็นเลิศด้านเศรษฐกิจสุขภาพ (Health Economic Excellence) (6)",,"excellence_indicator_5_57","1"
"559","ผู้ป่วยที่ได้รับการวินิจฉัยโรค Common Diseases and Symptoms  มีการส่งจ่ายยาสมุนไพร","excellence-indicator-5-59","ผท.","10","15","GTE","ยุทธศาสตร์ที่ 5. ความเป็นเลิศด้านเศรษฐกิจสุขภาพ (Health Economic Excellence) (6)",,"moph_kpi_826","1"
"560","ผู้ป่วยที่มีการวินิจฉัยโรคหลอดเลือดสมอง อัมพฤกษ์ อัมพาตระยะกลาง(Intermediate Care) ที่ได้รับการดูแลด้วยการแพทย์แผนไทยและการแพทย์ทางเลือก","excellence-indicator-5-60","ผท.","10","20","GTE","ยุทธศาสตร์ที่ 5. ความเป็นเลิศด้านเศรษฐกิจสุขภาพ (Health Economic Excellence) (6)",,"s_i6069imc_w_hdc","1"
"561","อัตราการเพิ่มขึ้นของจำนวนสถานประกอบการด้านการท่องเที่ยวเชิงสุขภาพที่ได้รับมาตรฐานตามที่กำหนด","excellence-indicator-5-61","ผท.","10","20","GTE","ยุทธศาสตร์ที่ 5. ความเป็นเลิศด้านเศรษฐกิจสุขภาพ (Health Economic Excellence) (6)",,"excellence_indicator_5_61","1"
"562","ผลิตภัณฑ์สุขภาพที่ได้รับการส่งเสริมและได้รับการอนุญาต","excellence-indicator-5-62","คบส.","10","92","GTE","ยุทธศาสตร์ที่ 5. ความเป็นเลิศด้านเศรษฐกิจสุขภาพ (Health Economic Excellence) (6)",,"excellence_indicator_5_62","1"
"611","ฟอกไตฟรีได้ทุกแห่ง","rmw_kpi_611",,"10",,"GTE","ฟอกไตฟรีได้ทุกแห่ง",,"rmw_kpi_611","0"
"612","อัตราความรอบรู้ด้านสุขภาพของประชาชนไทย อายุ 15 ปี ขึ้นไป","rmw_kpi_612",,"10",,"GTE","รอบรู้ เพื่ออยู่อย่างมีคุณภาพชีวิต",,"rmw_kpi_612","0"
"613","ประชาชนในชุมชน ได้รับการส่งเสริมความรอบรู้ด้านสุขภาพ (Health Literacy Community : HLC)","rmw_kpi_613",,"10",,"GTE","รอบรู้ เพื่ออยู่อย่างมีคุณภาพชีวิต",,"rmw_kpi_613","0"
"614","ประเมินสถานะองค์กรรอบรู้ด้านสุขภาพ (Health Literacy Organization : HLO) ","rmw_kpi_614",,"10",,"GTE","รอบรู้ เพื่ออยู่อย่างมีคุณภาพชีวิต",,"rmw_kpi_614","0"
"615","การนัดหมายออนไลน์","rmw_kpi_615",,"10",,"GTE","หมอไม่ล้า ประชาชนไม่รอ เชื่อมต่อทุกบริการผ่านเทคโนโลยี",,"rmw_kpi_615","0"
"617","Cyber security","rmw_kpi_617",,"10","100","EQ","หมอไม่ล้า ประชาชนไม่รอ เชื่อมต่อทุกบริการผ่านเทคโนโลยี",,"moph_kpi_840","0"
"619","เชื่อมระบบ MOPH HIS Connect","rmw_kpi_619",,"10","100","EQ","หมอไม่ล้า ประชาชนไม่รอ เชื่อมต่อทุกบริการผ่านเทคโนโลยี","ERP : Enterprise Resource Planning","rmw_kpi_619","0"
"620","เชื่อมโยงระบบ MOPH Refer","rmw_kpi_620",,"10",,"GTE","หมอไม่ล้า ประชาชนไม่รอ เชื่อมต่อทุกบริการผ่านเทคโนโลยี","ERP : Enterprise Resource Planning","rmw_kpi_620","0"
"622","อัตราส่วนสถานประกอบการด้านการท่องเที่ยวเชิงสุขภาพที่ได้รับมาตรฐานตามที่กำหนดต่อจำนวนนักท่องเที่ยว ","rmw_kpi_622",,"10",,"GTE","เครื่องยนต์ทางเศรษฐกิจใหม่ ของประเทศ ด้วยการแพทย์มูลค่าสูง","การท่องเที่ยวเชิงสุขภาพ","rmw_kpi_622","0"
"623","อัตราการเพิ่มขึ้นของจำนวนสถานประกอบการด้านการท่องเที่ยวเชิงสุขภาพที่ได้รับมาตรฐานตามที่กำหนด ","rmw_kpi_623",,"10",,"GTE","เครื่องยนต์ทางเศรษฐกิจใหม่ ของประเทศ ด้วยการแพทย์มูลค่าสูง","การท่องเที่ยวเชิงสุขภาพ","rmw_kpi_623","0"
"624","อัตราการขยายตัวของกลุ่มอุตสาหกรรมการแพทย์และการท่องเที่ยวเชิงสุขภาพ ","rmw_kpi_624",,"10",,"GTE","เครื่องยนต์ทางเศรษฐกิจใหม่ ของประเทศ ด้วยการแพทย์มูลค่าสูง","การท่องเที่ยวเชิงสุขภาพ","rmw_kpi_624","0"
"625","ร้อยละผลิตภัณฑ์สุขภาพที่ได้รับการส่งเสริมและได้รับการอนุญาต","rmw_kpi_625",,"10",,"GTE","เครื่องยนต์ทางเศรษฐกิจใหม่ ของประเทศ ด้วยการแพทย์มูลค่าสูง","การท่องเที่ยวเชิงสุขภาพ","rmw_kpi_625","0"
"626","การบริหารตำแหน่งว่าง","rmw_kpi_626",,"10",,"GTE","ขวัญกำลังใจ",,"rmw_kpi_626","0"
"627","อสม.ดูแลผู้สูงอายุและผู้ที่มีภาวะพึ่งพิง","rmw_kpi_627",,"10",,"GTE","ยกระดับ อสม. เป็นผู้ช่วยบุคลากรทางการแพทย์",,"rmw_kpi_627","0"
"628","อสม.ผู้ช่วยปรับเปลี่ยนพฤติกรรมสุขภาพ","rmw_kpi_628",,"10",,"GTE","ยกระดับ อสม. เป็นผู้ช่วยบุคลากรทางการแพทย์",,"rmw_kpi_628","0"
"629","อสม.ผู้ช่วยสาธารณสุขดูแลป้องกันโรค","rmw_kpi_629",,"10",,"GTE","ยกระดับ อสม. เป็นผู้ช่วยบุคลากรทางการแพทย์",,"rmw_kpi_629","0"
"630","อสม.ดูแลผู้ป่วยเบาหวานในระยะสงบ","rmw_kpi_630",,"10",,"GTE","ยกระดับ อสม. เป็นผู้ช่วยบุคลากรทางการแพทย์",,"rmw_kpi_630","0"
"631","อสม.ผู้ช่วยแพทย์แผนไทย","rmw_kpi_631",,"10",,"GTE","ยกระดับ อสม. เป็นผู้ช่วยบุคลากรทางการแพทย์",,"rmw_kpi_631","0"
"633","รพช. มีอัตราครองเตียง ≥ 80%","rmw_kpi_633",,"10",,"GTE","เพิ่มประสิทธิภาพระบบบริทารสุขภาพเชิงพื้นที่ ลดเหลื่อมล้ำ","One Region-One Province-One Hospital สุขภาพที่ทุกคนเข้าถึงได้","rmw_kpi_633","0"
"634","รพศ./รพท. มีค่า Sum adjust RW เพิ่มขึ้น","rmw_kpi_634",,"10",,"GTE","เพิ่มประสิทธิภาพระบบบริทารสุขภาพเชิงพื้นที่ ลดเหลื่อมล้ำ","One Region-One Province-One Hospital สุขภาพที่ทุกคนเข้าถึงได้","rmw_kpi_634","0"
"635","การเงินการคลังหน่วยบริการ ไม่อยู่ในกาวะวิกฤติ","rmw_kpi_635",,"10",,"GTE","เพิ่มประสิทธิภาพระบบบริทารสุขภาพเชิงพื้นที่ ลดเหลื่อมล้ำ","One Region-One Province-One Hospital สุขภาพที่ทุกคนเข้าถึงได้","rmw_kpi_635","0"
"636","หน่วยบริการผ่านเกณฑ์การประเมิน TPS ระดับ B ขึ้นไป ","rmw_kpi_636",,"10",,"GTE","เพิ่มประสิทธิภาพระบบบริทารสุขภาพเชิงพื้นที่ ลดเหลื่อมล้ำ","One Region-One Province-One Hospital สุขภาพที่ทุกคนเข้าถึงได้","rmw_kpi_636","0"
"639","วัยเรียน วัยรุ่น IQ EQ ดี","rmw_kpi_639",,"10",,"GTE","สร้างสุขภาพดีทุกช่วงวัย คนไทยแข็งแรง","ส่งมอบความแข็งแรงกาย-ใจ","rmw_kpi_639","0"
"641","โรงพยาบาลที่พัฒนาอนามัยสิ่งแวดล้อม ได้ตามเกณฑ์ GREEN & CLEAN Hospital Challenge (ระดับมาตรฐานขึ้นไป และระดับท้าทาย) ","rmw_kpi_641",,"10",,"GTE","สร้างสุขภาพดีทุกช่วงวัย คนไทยแข็งแรง","จัดการสิ่งแวดล้อมที่เอื้อต่อสุขภาพดี","moph_kpi_817","0"
"642","ระบบบำบัดน้ำเสีย","rmw_kpi_642",,"10",,"GTE",,,"rmw_kpi_642","0"
"643","Solar Rooftop","rmw_kpi_643",,"10",,"GTE",,,"rmw_kpi_643","0"
"711","เด็ก 0-5 ปี มีรูปร่างสมส่วน (เป้าหมาย ร้อยละ 72) ","p_kpi_2",,"10","72","GTE","เด็กโคราชฉลาด IQ ดีฯ",,"s_kpi_height05_hdc","1"
"712","ร้อยละของผู้ป่วยเบาหวานชนิดที่ 2 ที่เข้าสู่โรคเบาหวานระยะสงบ (DM remission) ต่อผู้ป่วยที่เข้าเกณฑ์และสมัคร ใจเข้าร่วม NCDs remission clinic","p_kpi_3",,"10","10","GTE","ร้อยละของผู้ป่วยเบาหวานชนิดที่ 2 ที่เข้าสู่โรคเบาหวานระยะสงบ (DM remission)",,"p_kpi_3","1"
"713","ประชาชนอายุ 15 ปีขึ้นไป มีความรู้เรื่องการปรับเปลี่ยนพฤติกรรมสุขภาพเพื่อลดความเสี่ยงในการป่วยด้วยโรคเบาหวานและความดันโลหิตสูง (เป้าหมาย ร้อยละ 80)","p_kpi_4",,"10","80","GTE","โรคไม่ติดต่อ (NCDs)",,"p_kpi_4","1"
"714","ผู้ที่สัมผัสโรคจะได้รับการฉีดวัคซีนป้องกันตามแนวทางเวชปฏิบัติ ร้อยละ 100","p_kpi_5",,"10","100","GTE","ปลอดโรคพิษสุนัขบ้า",,"p_kpi_5","1"
"715","อัตราความครอบคลุมการฉีดวัคซีนในสุนัขและแมว อย่างน้อยร้อยละ 80 ","p_kpi_6",,"10","80","GTE","ปลอดโรคพิษสุนัขบ้า",,"p_kpi_6","1"
"716","อัตราการฆ่าตัวตายสำเร็จไม่เกิน 7.8 ต่อประชากรแสนคน","p_kpi_7","ยสต.","10","7.8","LTE","สุขภาพจิต/ยาเสพติด",,"p_kpi_7","1"
"717","องค์กรปกครองส่วนท้องถิ่นดำเนินการก่อสร้างระบบบำบัดสิ่งปฏิกูลจากรถสูบส้วม อำเภอละ 1 แห่ง","p_kpi_8",,"10","1","GTE","สิ่งแวดล้อม",,"p_kpi_8","1"
"718","องค์กรปกครองส่วนท้องถิ่นพัฒนาระบบประปาหมู่บ้านผ่านมาตรฐานประปาสะอาด 3 C (clear clean chlorine) กรมอนามัย อย่างน้อยอำเภอละ 1 แห่ง","p_kpi_9",,"10","1","GTE","สิ่งแวดล้อม",,"p_kpi_9","1"
"719","อัตราความครอบคลุมอำเภอที่มีการจัดการความเสี่ยงสารตกค้างยาฆ่าแมลงในผักผลไม้ แบบบูรณาการ ","p_kpi_10",,"10","100","GTE","อาหารปลอดภัย",,"p_kpi_10","1"
"720","อัตราความครอบคลุมสถานที่จำหน่ายอาหารผ่านเกณฑ์ SAN ร้อยละ 60","p_kpi_11",,"10","60","GTE","อาหารปลอดภัย",,"p_kpi_11","1"
"721","ร้อยละของผู้ป่วยเบาหวานชนิดที่ 2 ที่เข้าสูโรคเบาหวานระยะสงบ (DM remission) ต่อผู้ป่วยเบาหวานชนิดที่ 2 ที่ เข้าเกณฑ์ในเขตรับผิดชอบ","p_kpi_12",,"10","1","GTE","ร้อยละของผู้ป่วยเบาหวานชนิดที่ 2 ที่เข้าสู่โรคเบาหวานระยะสงบ (DM remission)","","p_kpi_12","1"
"810","อัตราส่วนการตายมารดาไทยต่อการเกิดมีชีพแสนคน","moph_kpi_810","สส.","10","15","LT","ยุทธศาสตร์ที่ 1 ด้านส่งเสริมสุขภาพ ป้องกันโรค และคุ้มครองผู้บริโภคเป็นเลิศ (PP&P Excellence) 3 แผนงาน 4 โครงการ 9 ตัวชี้วัด",,"moph_kpi_810","1"
"812","อัตราความรอบรู้ด้านสุขภาพของประชาชนไทย อายุ 15 ปี ขึ้นไป","moph_kpi_812","สส.","10","82","GTE","ยุทธศาสตร์ที่ 1 ด้านส่งเสริมสุขภาพ ป้องกันโรค และคุ้มครองผู้บริโภคเป็นเลิศ (PP&P Excellence) 3 แผนงาน 4 โครงการ 9 ตัวชี้วัด",,"moph_kpi_812","1"
"813","ระดับความรอบรู้สุขภาพของประชาชนเรื่องโรคอุบัติใหม่และอุบัติซ้ำ","moph_kpi_813","คร.","10","5","GTE","ยุทธศาสตร์ที่ 1 ด้านส่งเสริมสุขภาพ ป้องกันโรค และคุ้มครองผู้บริโภคเป็นเลิศ (PP&P Excellence) 3 แผนงาน 4 โครงการ 9 ตัวชี้วัด",,"moph_kpi_813","1"
"816","อัตราการเสียชีวิตและบาดเจ็บจากอุบัติเหตุทางถนนในกลุ่มเด็กและเยาวชนลดลง (ช่วงวัย 1 - 18 ปี)","moph_kpi_816","EMS","10","3","LT","ยุทธศาสตร์ที่ 1 ด้านส่งเสริมสุขภาพ ป้องกันโรค และคุ้มครองผู้บริโภคเป็นเลิศ (PP&P Excellence) 3 แผนงาน 4 โครงการ 9 ตัวชี้วัด",,"moph_kpi_816","1"
"817","ร้อยละของ รพ.ที่พัฒนาอนามัยสิ่งแวดล้อมได้ตามเกณฑ์ GREEN & CLEAN Hospital Challenge (ระดับมาตรฐานขึ้นไป)","moph_kpi_817","อวล.","10","90","GTE","ยุทธศาสตร์ที่ 1 ด้านส่งเสริมสุขภาพ ป้องกันโรค และคุ้มครองผู้บริโภคเป็นเลิศ (PP&P Excellence) 3 แผนงาน 4 โครงการ 9 ตัวชี้วัด","ร้อยละของโรงพยาบาลที่พัฒนาอนามัยสิ่งแวดล้อมได้ตามเกณฑ์ GREEN & CLEAN Hospital Challenge (ระดับมาตรฐานขึ้นไป และระดับท้าทาย)","moph_kpi_817","1"
"818","ร้อยละของ รพ.ที่พัฒนาอนามัยสิ่งแวดล้อมได้ตามเกณฑ์ GREEN & CLEAN Hospital Challenge (ระดับท้าทาย)","moph_kpi_818","อวล.","10","90","GTE","ยุทธศาสตร์ที่ 1 ด้านส่งเสริมสุขภาพ ป้องกันโรค และคุ้มครองผู้บริโภคเป็นเลิศ (PP&P Excellence) 3 แผนงาน 4 โครงการ 9 ตัวชี้วัด","ร้อยละของโรงพยาบาลที่พัฒนาอนามัยสิ่งแวดล้อมได้ตามเกณฑ์ GREEN & CLEAN Hospital Challenge (ระดับมาตรฐานขึ้นไป และระดับท้าทาย)","moph_kpi_817","1"
"819","จำนวนการจัดตั้งหน่วยบริการปฐมภูมิและเครือข่ายหน่วยบริการปฐมภูมิ","moph_kpi_819","สสม.","10","90","GTE","ยุทธศาสตร์ที่ 2 ด้านระบบบริการที่เป็นเลิศ (Service Excellence) 4 แผนงาน 14 โครงการ 16 ตัวชี้วัด",,"moph_kpi_819","1"
"820","ร้อยละของชุมชนมีการดำเนินการจัดการสุขภาพที่เหมาะสมให้กับประชาชน","moph_kpi_820","สสม.","10","90","GTE","ยุทธศาสตร์ที่ 2 ด้านระบบบริการที่เป็นเลิศ (Service Excellence) 4 แผนงาน 14 โครงการ 16 ตัวชี้วัด",,"moph_kpi_820","1"
"822","อัตราความสำเร็จการรักษาผู้ป่วยวัณโรคปอดรายใหม่","moph_kpi_822","คร.","10","88","GTE","ยุทธศาสตร์ที่ 2 ด้านระบบบริการที่เป็นเลิศ (Service Excellence) 4 แผนงาน 14 โครงการ 16 ตัวชี้วัด","อัตราความสำเร็จการรักษาผู้ป่วยวัณโรคปอดรายใหม่","moph_kpi_822","1"
"823","อัตราความครอบคลุมการขึ้นทะเบียนรักษาของผู้ป่วยวัณโรครายใหม่และกลับเป็นซ้ำ","moph_kpi_823","คร.","10","10","GTE","ยุทธศาสตร์ที่ 2 ด้านระบบบริการที่เป็นเลิศ (Service Excellence) 4 แผนงาน 14 โครงการ 16 ตัวชี้วัด","อัตราความสำเร็จการรักษาผู้ป่วยวัณโรคปอดรายใหม่","moph_kpi_823","1"
"826","ร้อยละของผู้ป่วยที่ได้รับการวินิจฉัยโรค Common Diseases and Symptoms มีการสั่งจ่ายยาสมุนไพรเพิ่มขึ้น","moph_kpi_826","พผท.","10","10","GTE","ยุทธศาสตร์ที่ 2 ด้านระบบบริการที่เป็นเลิศ (Service Excellence) 4 แผนงาน 14 โครงการ 16 ตัวชี้วัด",,"moph_kpi_826","1"
"828","ร้อยละของผู้ป่วยโรคจิตเวชและสารเสพติดที่มีความเสี่ยงสูงต่อการก่อความรุนแรง (SMI-V) ได้รับการดูแลต่อเนื่องจนไม่ก่อความรุนแรงซ้ำ","moph_kpi_828","ยสต.","10","85","GTE","ยุทธศาสตร์ที่ 2 ด้านระบบบริการที่เป็นเลิศ (Service Excellence) 4 แผนงาน 14 โครงการ 16 ตัวชี้วัด",,"moph_kpi_828","1"
"831","ร้อยละผู้ป่วยไตเรื้อรัง stage 5 รายใหม่ ลดลงจากปีงบประมาณก่อนหน้า","kpi-main-2568-1901","NCD","10","5","GTE","ยุทธศาสตร์ที่ 2 ด้านระบบบริการที่เป็นเลิศ (Service Excellence) 4 แผนงาน 14 โครงการ 16 ตัวชี้วัด",,"kpi-main-2568-1901","1"
"832","อัตราส่วนของผู้บริจาคอวัยวะสมองตายที่ได้รับการผ่าตัดนำอวัยวะออก ต่อจำนวนผู้ป่วยเสียชีวิตใน รพ. (A, S, M1)","moph_kpi_832","พบ.","10","0.55","GTE","ยุทธศาสตร์ที่ 2 ด้านระบบบริการที่เป็นเลิศ (Service Excellence) 4 แผนงาน 14 โครงการ 16 ตัวชี้วัด",,"moph_kpi_832","1"
"834","ร้อยละของผู้ที่ได้รับการคัดกรองมะเร็งลำไส้ใหญ่และไส้ตรง","kpi-main-2568-2103","NCD","10","55","GTE","ยุทธศาสตร์ที่ 2 ด้านระบบบริการที่เป็นเลิศ (Service Excellence) 4 แผนงาน 14 โครงการ 16 ตัวชี้วัด",,"kpi-main-2568-2103","1"
"835","ร้อยละของผู้ป่วยยาเสพติดเข้าสู่กระบวนการบำบัดรักษา ได้รับการดูแลอย่างมีคุณภาพต่อเนื่องจนถึงการติดตาม (Retention Rate)","moph_kpi_835","ยสต.","10","70","GTE","ยุทธศาสตร์ที่ 2 ด้านระบบบริการที่เป็นเลิศ (Service Excellence) 4 แผนงาน 14 โครงการ 16 ตัวชี้วัด",,"moph_kpi_835","1"
"836","ร้อยละของผู้ป่วยฉุกเฉินวิกฤต (Triage level 1) เข้าถึงบริการการแพทย์ฉุกเฉิน","moph_kpi_836","EMS","10","29","GTE","ยุทธศาสตร์ที่ 2 ด้านระบบบริการที่เป็นเลิศ (Service Excellence) 4 แผนงาน 14 โครงการ 16 ตัวชี้วัด",,"moph_kpi_836","1"
"837","ร้อยละของผู้ป่วยในพระบรมราชานุเคราะห์ และพระราชานุเคราะห์ ได้รับการดูแลอย่างมีคุณภาพ","moph_kpi_837","พบ.","10","80","GTE","ยุทธศาสตร์ที่ 2 ด้านระบบบริการที่เป็นเลิศ (Service Excellence) 4 แผนงาน 14 โครงการ 16 ตัวชี้วัด",,"moph_kpi_837","1"
"838","การบริหารจัดการตำแหน่งว่าง (คงเหลือ)","moph_kpi_838","บค.","10","5","GTE","ยุทธศาสตร์ที่ 3 ด้านบุคลากรเป็นเลิศ  (People Excellence) 1 แผนงาน 1 โครงการ 1 ตัวชี้วัด",,"moph_kpi_838","1"
"839","ร้อยละการปรับปรุงตำแหน่งให้สอดรับกับการยกระดับบริการสุขภาพ","moph_kpi_839","บค.","10","0.5","GTE","ยุทธศาสตร์ที่ 3 ด้านบุคลากรเป็นเลิศ  (People Excellence) 1 แผนงาน 1 โครงการ 1 ตัวชี้วัด",,"moph_kpi_839","1"
"840","ร้อยละของหน่วยงานที่ผ่านเกณฑ์มาตรฐานความมั่นคงปลอดภัยไซเบอร์ระดับสูง","moph_kpi_840","DH","10","100","EQ","ยุทธศาสตร์ที่ 4 ด้านบริหารเป็นเลิศด้วยธรรมาภิบาล  (Governance Excellence)",,"moph_kpi_840","1"
"841","ร้อยละของหน่วยงานในสังกัดกระทรวงสาธารณสุขผ่านเกณฑ์การประเมิน ITA","moph_kpi_841","กม.","10","94","GTE","ยุทธศาสตร์ที่ 4 ด้านบริหารเป็นเลิศด้วยธรรมาภิบาล  (Governance Excellence)",,"moph_kpi_841","1"
"842","ร้อยละของโรงพยาบาลสังกัดกระทรวงสาธารณสุขมีคุณภาพมาตรฐานผ่านการรับรอง HA ขั้นมาตรฐาน","moph_kpi_842","พบ.","10","92","GTE","ยุทธศาสตร์ที่ 4 ด้านบริหารเป็นเลิศด้วยธรรมาภิบาล  (Governance Excellence)",,"moph_kpi_842","1"
"843","ร้อยละของโรงพยาบาลในเขตสุขภาพผ่านเกณฑ์พัฒนาโรงพยาบาลที่มีการตรวจทางห้องปฏิบัติการทางการแพทย์อย่างสมเหตุผล (RLU hospital) ตามเกณฑ์ที่กำหนด","kpi-main-2568-2901","พบ./NCD","10","5","GTE","ยุทธศาสตร์ที่ 4 ด้านบริหารเป็นเลิศด้วยธรรมาภิบาล  (Governance Excellence)",,"excellence_indicator_4_56_3","1"
"844","ความแตกต่างการใช้สิทธิ เมื่อไปใช้บริการผู้ป่วยในของผู้มีสิทธิในระบบหลักประกันสุขภาพถ้วนหน้า (compliance rate)","moph_kpi_844","ปก.","10","1.5","LTE","ยุทธศาสตร์ที่ 4 ด้านบริหารเป็นเลิศด้วยธรรมาภิบาล  (Governance Excellence)",,"moph_kpi_844","1"
"845","ประชาชนสามารถเข้าถึงสิทธิในระบบหลักประกันสุขภาพถ้วนหน้า (UHC)","moph_kpi_845","ปก.","10","99.55","LTE","ยุทธศาสตร์ที่ 4 ด้านบริหารเป็นเลิศด้วยธรรมาภิบาล  (Governance Excellence)",,"moph_kpi_845","1"
"846","ร้อยละของหน่วยบริการที่ประสบภาวะวิกฤตทางการเงิน (ระดับ 7)","moph_kpi_846","ปก.","10","2","LTE","ยุทธศาสตร์ที่ 4 ด้านบริหารเป็นเลิศด้วยธรรมาภิบาล  (Governance Excellence)",,"moph_kpi_846","1"
"847","ร้อยละของหน่วยบริการที่ประสบภาวะวิกฤตทางการเงิน (ระดับ 6)","moph_kpi_847","ปก.","10","4","LTE","ยุทธศาสตร์ที่ 4 ด้านบริหารเป็นเลิศด้วยธรรมาภิบาล  (Governance Excellence)",,"moph_kpi_846","1"
"848","อัตราการเพิ่มขึ้นของจำนวนสถานประกอบการด้านการท่องเที่ยวเชิงสุขภาพที่ได้รับมาตรฐานตามที่กำหนด","moph_kpi_848","พผท.","10","20","GTE","ยุทธศาสตร์ที่ 5 ความเป็นเลิศด้านเศรษฐกิจสุขภาพ (Health Economic Excellence)",,"moph_kpi_848","1"
"849","อัตราการขยายตัวของกลุ่มอุตสาหกรรมการแพทย์และการท่องเที่ยวเชิงสุขภาพ (Proxy : ร้อยละสถานประกอบการมีศักยภาพในการแข่งขันด้านอุตสาหกรรมบริการทางการแพทย์)","moph_kpi_849","คบส. , พผท.","10","10","GTE","ยุทธศาสตร์ที่ 5 ความเป็นเลิศด้านเศรษฐกิจสุขภาพ (Health Economic Excellence)",,"moph_kpi_849","1"
"850","ร้อยละผลิตภัณฑ์สุขภาพที่ได้รับการส่งเสริมและได้รับการอนุญาต","moph_kpi_850","คบส.","10","90","GTE","ยุทธศาสตร์ที่ 5 ความเป็นเลิศด้านเศรษฐกิจสุขภาพ (Health Economic Excellence)","จำนวนผลิตภัณฑ์สุขภาพที่ได้รับการพัฒนาให้มีศักยภาพในการส่งออก","moph_kpi_850","1"
"851","ร้อยละของชุมชนมีการจัดการสุขภาพที่เหมาะสมกับประชาชน","moph_kpi_851",,"10","90","GTE","ยุทธศาสตร์ที่ 1 ด้านส่งเสริมสุขภาพ ป้องกันโรค และคุ้มครองผู้บริโภคเป็นเลิศ (PP&P Excellence) 3 แผนงาน 4 โครงการ 9 ตัวชี้วัด","","moph_kpi_851","1"
"852","ระดับความรอบรู้สุขภาพประชาชนเรื่องโรคอุบัติใหม่อุบัติซ้ำเพิ่มขึ้น  (Proxy: ร้อยละของประชาชนกลุ่มเป้าหมายที่มีความรอบรู้สุขภาพในการป้องกันควบคุมโรคไข้หวัดนกระดับพอเพียงขึ้นไป)","moph_kpi_852",,"10","5","GTE","ยุทธศาสตร์ที่ 1 ด้านส่งเสริมสุขภาพ ป้องกันโรค และคุ้มครองผู้บริโภคเป็นเลิศ (PP&P Excellence) 3 แผนงาน 4 โครงการ 9 ตัวชี้วัด","","moph_kpi_852","1"
"853","อัตราการเสียชีวิตและบาดเจ็บจากอุบัติเหตุทางถนนในกลุ่มเด็กและเยาวชน (ช่วงวัย 1-18 ปี) ลดลง","moph_kpi_853",,"10","3","LTE","ยุทธศาสตร์ที่ 1 ด้านส่งเสริมสุขภาพ ป้องกันโรค และคุ้มครองผู้บริโภคเป็นเลิศ (PP&P Excellence) 3 แผนงาน 4 โครงการ 9 ตัวชี้วัด","","moph_kpi_853","1"
"854","อัตราความครอบคลุมวัคซีนหัด-คางทูม-หัดเยอรมัน เข็มที่ 2 (MMR) ในเด็กอายุต่ำกว่า    3 ปี","moph_kpi_854",,"10","95","GTE","ยุทธศาสตร์ที่ 1 ด้านส่งเสริมสุขภาพ ป้องกันโรค และคุ้มครองผู้บริโภคเป็นเลิศ (PP&P Excellence) 3 แผนงาน 4 โครงการ 9 ตัวชี้วัด","","moph_kpi_854","1"
"855","ร้อยละของผู้ป่วยมะเร็งที่ได้รับการรักษาด้วยการผ่าตัดภายในระยะเวลา 4 สัปดาห์ ","moph_kpi_855",,"10","70","GTE","ยุทธศาสตร์ที่ 2 ด้านระบบบริการที่เป็นเลิศ (Service Excellence) 4 แผนงาน 14 โครงการ 16 ตัวชี้วัด","ร้อยละผู้ป่วยมะเร็งได้รับการรักษาภายในระยะเวลาที่กำหนด","moph_kpi_855","1"
"856","ร้อยละของผู้ป่วยมะเร็งที่ได้รับการรักษาด้วยเคมีบำบัดภายในระยะเวลา 6 สัปดาห์ ","moph_kpi_856",,"10","70","GTE","ยุทธศาสตร์ที่ 2 ด้านระบบบริการที่เป็นเลิศ (Service Excellence) 4 แผนงาน 14 โครงการ 16 ตัวชี้วัด","ร้อยละผู้ป่วยมะเร็งได้รับการรักษาภายในระยะเวลาที่กำหนด","moph_kpi_856","1"
"857","ร้อยละของผู้ป่วยมะเร็งที่ได้รับการรักษาด้วยรังสีรักษาภายในระยะเวลา 6 สัปดาห์ ","moph_kpi_857",,"10","60","GTE","ยุทธศาสตร์ที่ 2 ด้านระบบบริการที่เป็นเลิศ (Service Excellence) 4 แผนงาน 14 โครงการ 16 ตัวชี้วัด","ร้อยละผู้ป่วยมะเร็งได้รับการรักษาภายในระยะเวลาที่กำหนด","moph_kpi_857","1"
"858","การจัดตั้งมินิธัญญารักษ์ในโรงพยาบาล Node","moph_kpi_858",,"10","100","EQ","ยุทธศาสตร์ที่ 2 ด้านระบบบริการที่เป็นเลิศ (Service Excellence) 4 แผนงาน 14 โครงการ 16 ตัวชี้วัด","ร้อยละของผู้ป่วยยาเสพติดเข้าสู่กระบวนการบำบัดรักษา ได้รับการดูแลอย่างมีคุณภาพต่อเนื่องจนถึงการติดตาม (เฉพาะระบบสมัครใจ) (Retention Rate)","moph_kpi_858","1"
"859","สัดส่วนการกระจายแพทย์ในโรงพยาบาลชุมชนสังกัดสำนักงานปลัดกระทรวงสาธาณณสุข","moph_kpi_859",,"10","80","GTE","ยุทธศาสตร์ที่ 3 ด้านบุคลากรเป็นเลิศ  (People Excellence) 1 แผนงาน 1 โครงการ 1 ตัวชี้วัด","ร้อยละของเขตสุขภาพที่มีการบริหารจัดการกำลังคนเพื่อรองรับระบบบริการที่มีประสิทธิภาพ","moph_kpi_859","1"
"860","จำนวนผลิตภัณฑ์สุขภาพที่ได้รับการพัฒนาให้มีศักยภาพในการส่งออก","moph_kpi_860","คบส.","10","12","GTE","ยุทธศาสตร์ที่ 5 ความเป็นเลิศด้านเศรษฐกิจสุขภาพ (Health Economic Excellence)","จำนวนผลิตภัณฑ์สุขภาพที่ได้รับการพัฒนาให้มีศักยภาพในการส่งออก","moph_kpi_860","1"
"911","อัตราส่วนการตายมารดาไทยต่อการเกิดมีชีพแสนคน","i_kpi_1","สส.","10","15","LT","PP & P 1 ป้องกันควบคุมโรค",,"i_kpi_1","1"
"913","ร้อยละของชุมชนมีการดำเนินการจัดการสุขภาพที่เหมาะสมกับประชาชน","i_kpi_3","สสม.","10","90","GTE","PP & P 1 ป้องกันควบคุมโรค",,"moph_kpi_820","1"
"914","อัตราความรอบรู้ด้านสุขภาพของประชาชนไทย อายุ 15 ปี ขึ้นไป","i_kpi_4",,"10",,"GTE","PP & P 2 ความรอบรู้ด้านสุขภาพ",,"i_kpi_4","1"
"915","ระดับความรอบรู้สุขภาพของประชาชน เรื่องโรคอุบัติใหม่และโรคอุบัติซ้ำเพิ่มขึ้น
 (Proxy : ร้อยละของประชากรกลุ่มเป้าหมายที่มีความรอบรู้สุขภาพในการป้องกันควบคุมโรคไข้หวัดนก ระดับพอเพียงขึ้นไป)","i_kpi_5","คร.","10",,"GTE","PP & P 2 ความรอบรู้ด้านสุขภาพ",,"i_kpi_5","1"
"917","อัตราการเสียชีวิตและบาดเจ็บจากอุบัติเหตุทางถนนในกลุ่มเด็กและเยาวชน (ช่วงวัย 1-18 ปี) ลดลง","i_kpi_7","EMS","10","3","LT","PP & P 3 ส่งเสริมสุขภาพ",,"moph_kpi_816","1"
"918","ร้อยละความครอบคลุมของวัคซีนป้องกันหัด-คางทูม-หัดเยอรมัน เข็มที่ 2 (MMR2) ในเด็กอายุต่ำกว่า 3 ปี ระดับจังหวัด เป็นไปตามเป้าหมายการกำจัดโรคหัดตามพันธสัญญานานาชาติ","i_kpi_8","คร.","10",,"GTE","PP & P 3 ส่งเสริมสุขภาพ",,"i_kpi_8","1"
"919","ร้อยละของโรงพยาบาลที่พัฒนาอนามัยสิ่งแวดล้อมได้ตามเกณฑ์ GREEN & CLEAN Hospital Challenge (ระดับมาตรฐานขึ้นไป และระดับท้าทาย)","i_kpi_9","อวล.","10",,"GTE","PP & P 3 ส่งเสริมสุขภาพ",,"moph_kpi_817","1"
"1251","ผู้ที่มีผลตรวจยืนยันผิดปกติโรคไวรัสตับอักเสบ บี  ได้รับการส่งต่อวินิจฉัยรักษา","excellence-indicator-1-25-1","คร.","10","50","GTE","ยุทธศาสตร์ที่ 1. ด้านส่งเสริมสุขภาพ ป้องกันโรค และคุ้มครองผู้บริโภคเป็นเลิศ (37)","การคัดกรองไวรัสตับอักเสบ บี และ ซี ในประชากรที่เกิดก่อนปี พ.ศ.2535 (ไม่ซ้ำรายเดิม ปี 67 และ ปี 68) (เป้าหมาย 161,644 คน)","excellence_indicator_1_25_1","1"
"1252","ผู้ที่มีผลตรวจยืนยันผิดปกติโรคไวรัสตับอักเสบ ซี ได้รับการส่งต่อวินิจฉัยรักษา","excellence-indicator-1-25-2","คร.","10","80","GTE","ยุทธศาสตร์ที่ 1. ด้านส่งเสริมสุขภาพ ป้องกันโรค และคุ้มครองผู้บริโภคเป็นเลิศ (37)","การคัดกรองไวรัสตับอักเสบ บี และ ซี ในประชากรที่เกิดก่อนปี พ.ศ.2535 (ไม่ซ้ำรายเดิม ปี 67 และ ปี 68) (เป้าหมาย 161,644 คน)","excellence_indicator_1_25_2","1"
"1271","ระดับมาตรฐาน (Standard)  ระดับมาตรฐานขึ้นไป ","excellence-indicator-1-27-1","อวล.","10","95","GTE","ยุทธศาสตร์ที่ 1. ด้านส่งเสริมสุขภาพ ป้องกันโรค และคุ้มครองผู้บริโภคเป็นเลิศ (37)","ของโรงพยาบาลที่พัฒนาอนามัยสิ่งแวดล้อมได้ตามเกณฑ์ GREEN & CLEAN Hospital Challenge ","excellence_indicator_1_27_1","1"
"1272","ระดับท้าทาย (Challenge) ระดับดีเยี่ยมขึ้นไป ","excellence-indicator-1-27-2","อวล.","10","30","GTE","ยุทธศาสตร์ที่ 1. ด้านส่งเสริมสุขภาพ ป้องกันโรค และคุ้มครองผู้บริโภคเป็นเลิศ (37)","ของโรงพยาบาลที่พัฒนาอนามัยสิ่งแวดล้อมได้ตามเกณฑ์ GREEN & CLEAN Hospital Challenge ","excellence_indicator_1_27_2","1"
"1281","อำเภอมีการดำเนินการขับเคลื่อนระบบการเฝ้าระวังโรคและภัยสุขภาพจากโรคจากการประกอบอาชีพและโรคจากสิ่งแวดล้อม","excellence-indicator-1-28-1","อวล.","10","100","GTE","ยุทธศาสตร์ที่ 1. ด้านส่งเสริมสุขภาพ ป้องกันโรค และคุ้มครองผู้บริโภคเป็นเลิศ (37)","การดำเนินงานขับเคลื่อนกลไกเฝ้าระวัง ป้องกัน ควบคุมโรคภายใต้
พระราชบัญญัติควบคุมโรคจากการประกอบอาชีพและโรคจากสิ่งแวดล้อม พ.ศ. 2562","excellence_indicator_1_28_1","1"
"1282","หน่วยบริการมีการดำเนินงานจัดบริการอาชีวอนามัยและเวชกรรมสิ่งแวดล้อมตามเกณฑ์มาตรฐานในโรงพยาบาลระดับดีขึ้นไป ร้อยละ 60","excellence-indicator-1-28-2","อวล.","10","60","GTE","ยุทธศาสตร์ที่ 1. ด้านส่งเสริมสุขภาพ ป้องกันโรค และคุ้มครองผู้บริโภคเป็นเลิศ (37)","การดำเนินงานขับเคลื่อนกลไกเฝ้าระวัง ป้องกัน ควบคุมโรคภายใต้ พระราชบัญญัติควบคุมโรคจากการประกอบอาชีพและโรคจากสิ่งแวดล้อม พ.ศ. 2562","excellence_indicator_1_28_2","1"
"1283","การดำเนินงานจัดบริการอาชีวอนามัยและเวชกรรมสิ่งแวดล้อมตามเกณฑ์มาตรฐานในโรงพยาบาลส่งเสริมสุขภาพตำบลทุกอำเภอ","excellence-indicator-1-28-3","สส.","10","100","EQ","ยุทธศาสตร์ที่ 1 ด้านส่งเสริมสุขภาพ ป้องกันโรค และคุ้มครองผู้บริโภคเป็นเลิศ (37)","หน่วยบริการสุขภาพมีการจัดบริการอาชีวอนามัยและเวชกรรมสิ่งแวดล้อมได้ตามมาตรฐานที่กรมควบคุมโรคกำหนด","excellence_indicator_1_28_3","1"
"1901","ผู้ป่วยยาเสพติดในระบบสมัครใจ สามารถหยุดเสพยาต่อเนื่อง 3 เดือนหลังจำหน่ายจากการบำบัดรักษา","r9-report-1","ยสต.","10",,"GTE","Happy เขตแห่งความสุข","อัตราการเสพซ้ำของผู้ป่วยยาเสพติดลดลง","r9_report_1","1"
"1902","ผู้ป่วยยาเสพติดในระบบสมัครใจ สามารถหยุดเสพยาต่อเนื่อง 1 ปีหลังจำหน่ายจากการบำบัดรักษา","r9-report-2","ยสต.","10",,"GTE","Happy เขตแห่งความสุข","อัตราการเสพซ้ำของผู้ป่วยยาเสพติดลดลง","r9_report_2","1"
"1903","ระยะเวลาการรับบริการที่ OPD (เปิดสิทธิ-รับยา)","r9-report-3","พบ.","10",,"GTE","Happy เขตแห่งความสุข","ระยะเวลาการรับบริการที่ OPD (เปิดสิทธิ-รับยา)","r9_report_3","1"
"1904","ผ่าตัดภายใน 4 สัปดาห์","r9-report-4","NCD","10",,"GTE","Happy เขตแห่งความสุข","ผู้ป่วยมะเร็งตับและมะเร็งเต้านมเข้าถึงการรักษา (Access to care) ภายในเวลาที่กำหนด","r9_report_4","1"
"1905","เคมีบำบัดภายใน 6 สัปดาห์","r9-report-5","NCD","10",,"GTE","Happy เขตแห่งความสุข","ผู้ป่วยมะเร็งตับและมะเร็งเต้านมเข้าถึงการรักษา (Access to care) ภายในเวลาที่กำหนด","r9_report_5","1"
"1906","รังสีรักษาภายใน 6 สัปดาห์","r9-report-6","NCD","10",,"GTE","Happy เขตแห่งความสุข","ผู้ป่วยมะเร็งตับและมะเร็งเต้านมเข้าถึงการรักษา (Access to care) ภายในเวลาที่กำหนด","r9_report_6","1"
"1907","ผู้ป่วยไตเรื้อรังได้รับการ Dialysis ใกล้บ้าน ","r9-report-7","NCD","10",,"GTE","Happy เขตแห่งความสุข","ผู้ป่วยไตเรื้อรังได้รับการ Dialysis ใกล้บ้าน ","r9_report_7","1"
"1909","อัตราความสำเร็จในการรักษาผู้ป่วย TB","r9-report-9","คร.","10",,"GTE","Healthy สุขภาพดี			","อัตราความสำเร็จในการรักษาผู้ป่วย TB","r9_report_9","1"
"1910","ความครอบคลุมการขึ้นทะเบียนรักษาผู้ป่วย TB รายใหม่ และกลับเป็นซ้ำ","r9-report-10","คร.","10",,"GTE","Healthy สุขภาพดี			","อัตราความสำเร็จในการรักษาผู้ป่วย TB","r9_report_10","1"
"1911","ประสิทธิภาพการบริหารการเงินการคลัง (Total Performance Score: TPS) ผ่านเกณฑ์ระดับ B ขึ้นไป","r9-report-11","ปก.","10","60","GTE","WEALTHY มั่งมีถ้วนหน้า			","ประสิทธิภาพการบริหารการเงินการคลัง (Total Performance Score: TPS) ผ่านเกณฑ์ระดับ B ขึ้นไป","i_kpi_27","1"
"1912","ผลิตภัณฑ์สุขภาพชุมชนขึ้นทะเบียน อย. ","r9-report-12","คบส.","10",,"GTE","WEALTHY มั่งมีถ้วนหน้า			","ผลิตภัณฑ์สุขภาพชุมชนขึ้นทะเบียน อย. ","r9_report_12","1"
"1913","รพศ/รพท ทุกแห่งผ่านการรับรองมาตรฐาน ISO 27001","r9-report-13","DH","10",,"GTE","WEALTHY มั่งมีถ้วนหน้า			","รพศ/รพท ทุกแห่งผ่านการรับรองมาตรฐาน ISO 27001","r9_report_13","1"
"1914","ความครอบคลุมในการให้วัคซีนพื้นฐานเด็กอายุ 0-5ปี ผ่านเกณฑ์มาตรฐาน","r9-report-14","คร.","10",,"GTE","เก้าเชิงรุก (Proactive Management)			","ความครอบคลุมในการให้วัคซีนพื้นฐานผ่านเกณฑ์มาตรฐาน","r9_report_14","1"
"1915","ความครอบคลุมในการให้วัคซีน MMR","r9-report-15","คร.","10",,"GTE","เก้าเชิงรุก (Proactive Management)			","ความครอบคลุมในการให้วัคซีนพื้นฐานผ่านเกณฑ์มาตรฐาน","r9_report_15","1"
"1916","เด็กหญิง ป.5 ได้รับการฉีดวัคซีนมะเร็งปากมดลูก(HPV) ตามที่ได้รับการจัดสรร","r9-report-16","คร.","10",,"GTE","เก้าเชิงรุก (Proactive Management)			","ความครอบคลุมในการให้วัคซีนพื้นฐานผ่านเกณฑ์มาตรฐาน","r9_report_16","1"
"1917","ลงนามงบลงทุนครุภัณฑ์ภายใน 31 ตุลาคม","r9-report-17","บห.","10",,"GTE","เก้าเชิงรุก (Proactive Management)			","เร่งรัดการลงนามสัญญางบลงทุน","r9_report_17","1"
"1918","ลงนามงบลงทุนสิ่งก่อสร้างภายใน 31 ธันวาคม","r9-report-18","บห.","10",,"GTE","เก้าเชิงรุก (Proactive Management)			","เร่งรัดการลงนามสัญญางบลงทุน","r9_report_18","1"
"1919","ลงนามงบค่าเสื่อมภายใน 31 มีนาคม","r9-report-19","บห.","10",,"GTE","เก้าเชิงรุก (Proactive Management)			","เร่งรัดการลงนามสัญญางบลงทุน","r9_report_19","1"
"1920","อันดับรวมผลงานเขตสุขภาพ ไม่เกินอันดับ 3 ของประเทศจากการรวบรวมรายงานการประชุม
ติดตามผลการดำเนินงานตามนโยบายกระทรวงสาธารณสุข (TMM)","r9-report-20",,"10",,"GTE","เก้าไปด้วยกัน (Collaborative Stakeholders)			","อันดับรวมผลงานเขตสุขภาพ ไม่เกินอันดับ 3 ของประเทศจากการรวบรวมรายงานการประชุม
ติดตามผลการดำเนินงานตามนโยบายกระทรวงสาธารณสุข (TMM)","r9_report_20","1"
"1921","นัดหมายผู้ป่วยออนไลน์เป็นรายชั่วโมง","r9-report-21","DH","10",,"GTE","เก้าทันดิจิทัล (Digital for Humanity)			","นัดหมายผู้ป่วยออนไลน์เป็นรายชั่วโมง","r9_report_21","1"
"1922","ออกแบบและพัฒนารูปแบบการบริการปฐมภูมิในการให้บริการ/คิดค้นนวัตกรรมสำหรับผู้ป่วยในคลินิกสร้างเสริมสุขภาพใกล้บ้านและสามารถวัด Outcome สุขภาพได้","r9-report-22","สสม.","10",,"GTE","เก้าแห่งการเรียนรู้ (Learning for a Better Future)			","ออกแบบและพัฒนารูปแบบการบริการปฐมภูมิในการให้บริการ/คิดค้นนวัตกรรมสำหรับผู้ป่วยในคลินิกสร้างเสริมสุขภาพใกล้บ้านและสามารถวัด Outcome สุขภาพได้","r9_report_22","1"
"1923","ร้อยละการใช้พลังงานทางเลือก  (เช่น Solar cell/ รถ EV/ หลอดไฟ)","r9-report-23","อวล.","10","70","GTE","เก้าอย่างมั่นคงและยั่งยืน (Sustainable as a Goal)			","ร้อยละการใช้พลังงานทางเลือก  (เช่น Solar cell/ รถ EV/ หลอดไฟ)","r9_report_23","1"
"1924","หน่วยบริการสามารถจ่ายค่าตอบแทน OT ของเดือนที่ผ่านมา ไม่เกินวันที่ 20 ของเดือนถัดไป","r9-report-24","บห.","10",,"GTE","เก้าอย่างมั่นคงและยั่งยืน (Sustainable as a Goal)			","หน่วยบริการสามารถจ่ายค่าตอบแทน OT ของเดือนที่ผ่านมา ไม่เกินวันที่ 20 ของเดือนถัดไป","r9_report_24","1"
"1925","การบริหารตำแหน่งว่างคงเหลือ","r9-report-25","บค.","10",,"GTE","เก้าอย่างมั่นคงและยั่งยืน (Sustainable as a Goal)			","การบริหารตำแหน่งว่างคงเหลือ","r9_report_25","1"
"1926","บุคลากรเข้าสู่ระบบ HIPPS","r9-report-26","บค.","10",,"GTE","เก้าอย่างมั่นคงและยั่งยืน (Sustainable as a Goal)			","บุคลากรเข้าสู่ระบบ HIPPS","r9_report_26","1"
"2381","รพ.มีคำสั่งแต่งตั้งคณะกรรมการบริหารจัดการความเสี่ยง มีผู้รับผิดชอบชัดเจน","excellence-indicator-2-38-1","พบ.","10","100","GTE","ยุทธศาสตร์ที่ 2. พัฒนาระบบบริการที่เป็นเลิศ(Service Excellence) (9)",,"excellence_indicator_2_38_1","1"
"2382","มีคณะทำงานชุดไกล่เกลี่ย ที่ผ่านการอบรมความรู้ด้านการไกล่เกลี่ย","excellence-indicator-2-38-2","พบ.","10","100","GTE","ยุทธศาสตร์ที่ 2. พัฒนาระบบบริการที่เป็นเลิศ(Service Excellence) (9)","โรงพยาบาลมีระบบบริหารจัดการความเสี่ยงเพื่อความปลอดภัยการให้บริการทางการแพทย์","excellence_indicator_2_38_2","1"
"2383","มีคณะทำงานและระบบพัฒนาการสื่อสารในโรงพยาบาล","excellence-indicator-2-38-3","พบ.","10","100","GTE","ยุทธศาสตร์ที่ 2. พัฒนาระบบบริการที่เป็นเลิศ(Service Excellence) (9)","โรงพยาบาลมีระบบบริหารจัดการความเสี่ยงเพื่อความปลอดภัยการให้บริการทางการแพทย์","excellence_indicator_2_38_3","1"
"2384","อุบัติการณ์การเกิดความเสี่ยงซ้ำในระดับ G  ขึ้นไป ","excellence-indicator-2-38-4","พบ.","10","100","GTE","ยุทธศาสตร์ที่ 2. พัฒนาระบบบริการที่เป็นเลิศ(Service Excellence) (9)","โรงพยาบาลมีระบบบริหารจัดการความเสี่ยงเพื่อความปลอดภัยการให้บริการทางการแพทย์","excellence_indicator_2_38_4","1"
"2385","อัตราการทำ RCA  ในอุบัติการณ์ระดับ E ขึ้นไป ","excellence-indicator-2-38-5","พบ.","10","80","GTE","ยุทธศาสตร์ที่ 2. พัฒนาระบบบริการที่เป็นเลิศ(Service Excellence) (9)","โรงพยาบาลมีระบบบริหารจัดการความเสี่ยงเพื่อความปลอดภัยการให้บริการทางการแพทย์","excellence_indicator_2_38_5","1"
"2386","ของข้อร้องเรียนที่ไกล่เกลี่ยสำเร็จ (ไม่ดำเนินการฟ้องร้องต่อศาล)","excellence-indicator-2-38-6","พบ.","10","80","GTE","ยุทธศาสตร์ที่ 2. พัฒนาระบบบริการที่เป็นเลิศ(Service Excellence) (9)","โรงพยาบาลมีระบบบริหารจัดการความเสี่ยงเพื่อความปลอดภัยการให้บริการทางการแพทย์","excellence_indicator_2_38_6","1"
"2401","ผู้ป่วยติดเชื้อในกระแสเลือดแบบรุนแรง ได้รับการตรวจ H/C 2 ขวด ภายใน 1 ชั่วโมง","excellence-indicator-2-40-1","พบ.","10","90","GTE","ยุทธศาสตร์ที่ 2. พัฒนาระบบบริการที่เป็นเลิศ(Service Excellence) (9)","ผู้ป่วยติดเชื้อในกระแสเลือดแบบรุนแรงได้รับการดูแลถูกต้องตามเกณฑ์ (Sepsis Bundle of Care)","excellence_indicator_2_40_1","1"
"2402","ผู้ป่วยติดเชื้อในกระแสเลือดแบบรุนแรง ได้รับยาปฏิชีวนะ ภายใน 1 ชั่วโมง ","excellence-indicator-2-40-2","พบ.","10","90","GTE","ยุทธศาสตร์ที่ 2. พัฒนาระบบบริการที่เป็นเลิศ(Service Excellence) (9)","ผู้ป่วยติดเชื้อในกระแสเลือดแบบรุนแรงได้รับการดูแลถูกต้องตามเกณฑ์ (Sepsis Bundle of Care)","excellence_indicator_2_40_1","1"
"2403","ผู้ป่วยติดเชื้อในกระแสเลือดแบบรุนแรง ได้รับการดูแลด้านการให้สารน้ำทางหลอดเลือดที่เหมาะสม","excellence-indicator-2-40-3","พบ.","10","90","GTE","ยุทธศาสตร์ที่ 2. พัฒนาระบบบริการที่เป็นเลิศ(Service Excellence) (9)","ผู้ป่วยติดเชื้อในกระแสเลือดแบบรุนแรงได้รับการดูแลถูกต้องตามเกณฑ์ (Sepsis Bundle of Care)","excellence_indicator_2_40_1","1"
"2404","ผู้ป่วยติดเชื้อในกระแสเลือดชนิดรุนแรง ได้รับการตรวจ Blood Lactate อย่างน้อย 1 ครั้ง ","excellence-indicator-2-40-4","พบ.","10","60","GTE","ยุทธศาสตร์ที่ 2. พัฒนาระบบบริการที่เป็นเลิศ(Service Excellence) (9)","ผู้ป่วยติดเชื้อในกระแสเลือดแบบรุนแรงได้รับการดูแลถูกต้องตามเกณฑ์ (Sepsis Bundle of Care)","excellence_indicator_2_40_1","1"
"2405","ผู้ป่วยติดเชื้อในกระแสเลือดชนิดรุนแรง ได้รับการดูแลใน ICU ภายใน 3 ชั่วโมง","excellence-indicator-2-40-5","พบ.","10","30","GTE","ยุทธศาสตร์ที่ 2. พัฒนาระบบบริการที่เป็นเลิศ(Service Excellence) (9)","ผู้ป่วยติดเชื้อในกระแสเลือดแบบรุนแรงได้รับการดูแลถูกต้องตามเกณฑ์ (Sepsis Bundle of Care)","excellence_indicator_2_40_1","1"
"4501","ระดับ 4 -7   0     ","excellence-indicator-4-50-1","ปก.","10",,"GTE","ยุทธศาสตร์ที่ 4. พัฒนาระบบบริหารจัดการที่เป็นเลิศ (Governance Excellence) (8)","ของหน่วยบริการที่ประสบภาวะวิกฤตทางการเงิน ","moph_kpi_846","1"
"4502","ระดับ  3   ≤  6","excellence-indicator-4-50-2","ปก.","10","6","LTE","ยุทธศาสตร์ที่ 4. พัฒนาระบบบริหารจัดการที่เป็นเลิศ (Governance Excellence) (8)","ของหน่วยบริการที่ประสบภาวะวิกฤตทางการเงิน ","moph_kpi_846","1"
"4561","ผู้ป่วยโรคเบาหวาน ได้รับการตรวจ HbA1c ซ้ำภายใน 90 วัน  ไม่เกิน   ","excellence-indicator-4-56-1","พบ.","10","5","GTE","ยุทธศาสตร์ที่ 4. พัฒนาระบบบริหารจัดการที่เป็นเลิศ (Governance Excellence) (8)","ของโรงพยาบาลในเขตสุขภาพผ่านเกณฑ์พัฒนา โรงพยาบาลที่มีการตรวจทางห้องปฏิบัติการทางการแพทย์อย่างสมเหตุผล (RLU hospital) ตามที่กำหนด ","excellence_indicator_4_56_1","1"
"4562","ผู้ป่วยโรคเบาหวาน ได้รับการตรวจ HbA1c อย่างน้อยปีละ 1 ครั้ง มากกว่า ","excellence-indicator-4-56-2","พบ.","10","75","GTE","ยุทธศาสตร์ที่ 4. พัฒนาระบบบริหารจัดการที่เป็นเลิศ (Governance Excellence) (8)","ของโรงพยาบาลในเขตสุขภาพผ่านเกณฑ์พัฒนา โรงพยาบาลที่มีการตรวจทางห้องปฏิบัติการทางการแพทย์อย่างสมเหตุผล (RLU hospital) ตามที่กำหนด ","excellence_indicator_4_56_2","1"
"4563","โรงพยาบาลในจังหวัดนครราชสีมาผ่านเกณฑ์พัฒนาโรงพยาบาลที่มีการตรวจทางห้องปฏิบัติการทางการแพทย์อย่างสมเหตุผล (RLU hospital) ตามเกณฑ์ที่กำหนด","excellence-indicator-4-56-3","พบ.","10","100","GTE","ยุทธศาสตร์ที่ 4. พัฒนาระบบบริหารจัดการที่เป็นเลิศ (Governance Excellence) (8)","ของโรงพยาบาลในเขตสุขภาพผ่านเกณฑ์พัฒนา โรงพยาบาลที่มีการตรวจทางห้องปฏิบัติการทางการแพทย์อย่างสมเหตุผล (RLU hospital) ตามที่กำหนด ","excellence_indicator_4_56_3","1"
"8222","ร้อยละของเด็ก 0-5 ปี ฟันดีไม่มีผุ","moph_kpi_8222","ทันตะ","10","80","GTE","ยุทธศาสตร์ที่ 1 ด้านส่งเสริมสุขภาพ ป้องกันโรค และคุ้มครองผู้บริโภคเป็นเลิศ (PP&P Excellence) 3 แผนงาน 4 โครงการ 9 ตัวชี้วัด","ร้อยละของเด็ก อายุ 0-5 ปี มีพัฒนาการสมวัย","moph_kpi_8222","1"
"8271","ร้อยละของผู้พยายามฆ่าตัวตายเข้าถึงบริการที่มีประสิทธิภาพ","kpi-main-2568-8271","ยสต.","10","70","GTE","ยุทธศาสตร์ที่ 2 ด้านระบบบริการที่เป็นเลิศ (Service Excellence) 4 แผนงาน 14 โครงการ 16 ตัวชี้วัด","โครงการการพัฒนาระบบบริการสุขภาพ สาขาสุขภาพจิตและจิตเวช","kpi_main_2568_8271","1"
"9110","ร้อยละผู้ป่วยไตเรื้อรัง stage 5 รายใหม่ ลดลงจากปีงบประมาณก่อนหน้า","i_kpi_10","NCD","10","5","GTE","Service 1 ลดป่วย",,"kpi-main-2568-1901","1"
"9112","อัตราความสำเร็จการรักษาผู้ป่วยวัณโรคปอดรายใหม่","i_kpi_12","คร.","10","88","GTE","Service 1 ลดป่วย",,"moph_kpi_822","1"
"9117","อัตราส่วนของจำนวนผู้บริจาคอวัยวะสมองตายที่ได้รับการผ่าตัดนำอวัยวะออก ต่อจำนวนผู้ป่วยเสียชีวิตในโรงพยาบาล (โรงพยาบาล A, S, M1)","i_kpi_16","พบ.","10",,"GTE","Service 3 ลดรอคอย",,"i_kpi_16","1"
"9118","ร้อยละผู้ป่วยมะเร็งได้รับการรักษาภายในระยะเวลาที่กำหนด","i_kpi_17","NCD","10",,"GTE","Service 3 ลดรอคอย",,"i_kpi_17","1"
"9119","จำนวนหน่วยบริการปฐมภูมิและเครือข่ายหน่วยบริการปฐมภูมิที่ผ่านเกณฑ์คุณภาพมาตรฐานตามพ.ร.บ.ระบบสุขภาพปฐมภูมิ พ.ศ. 2562","i_kpi_18","สสม.","10",,"GTE","Service 4 เพิ่มการเข้าถึงบริการ",,"i_kpi_18","1"
"9121","ร้อยละของผู้ป่วยที่ได้รับการวินิจฉัยโรค Common Diseases and Symptoms ได้รับยาสมุนไพร","i_kpi_20","พผท.","10","10","GTE","Service 4 เพิ่มการเข้าถึงบริการ",,"moph_kpi_826","1"
"9124","ร้อยละของผู้ป่วยยาเสพติดเข้าสู่กระบวนการบำบัดรักษา ได้รับการดูแลอย่างมีคุณภาพต่อเนื่องจนถึงการติดตาม (Retention Rate)","i_kpi_22","ยสต.","10",,"GTE","Service 5 สุขภาพจิตและยาเสพติด",,"i_kpi_22","1"
"9125","ผู้ป่วยโรคจิตเวชและสารเสพติดที่มีความเสี่ยงสูงต่อการก่อความรุนแรง (SMI-V) ในเขตสุขภาพได้รับการดูแลต่อเนื่องจนไม่กลับมาก่อความรุนแรงซ้ำ","i_kpi_23","ยสต.","10",,"GTE","Service 5 สุขภาพจิตและยาเสพติด",,"i_kpi_23","1"
"9126","ร้อยละของเขตสุขภาพที่มีการบริหารจัดการกำลังคนเพื่อรองรับระบบบริการที่มีประสิทธิภาพ","i_kpi_24","บค.","10",,"GTE","บุคลากรเป็นเลิศ",,"i_kpi_24","1"
"9127","ร้อยละของหน่วยงานที่ผ่านเกณฑ์มาตรฐานความมั่นคงปลอดภัยไซเบอร์ระดับสูง","i_kpi_25","DH","10","100","EQ","ประเด็นที่ 4 บริหารเป็นเลิศด้วยธรรมาภิบาล Governance Excellence",,"moph_kpi_840","1"
"9128","ร้อยละของโรงพยาบาลในเขตสุขภาพผ่านเกณฑ์พัฒนา โรงพยาบาลที่มีการตรวจทางห้องปฏิบัติการอย่างสมเหตุผล (RLU hospital Plus) ตามที่กำหนด","i_kpi_26","พบ.","10",,"GTE","ประเด็นที่ 4 บริหารเป็นเลิศด้วยธรรมาภิบาล Governance Excellence",,"excellence_indicator_4_56_3","1"
"9129","ร้อยละของหน่วยบริการที่ผ่านเกณฑ์การประเมินประสิทธิภาพ Total Performance Score (TPS)","i_kpi_27","ปก.","10","55","GTE","ประเด็นที่ 4 บริหารเป็นเลิศด้วยธรรมาภิบาล Governance Excellence",,"i_kpi_27","1"
"9130","อัตราการเพิ่มขึ้นของจำนวนสถานประกอบการด้านการท่องเที่ยวเชิงสุขภาพที่ได้รับมาตรฐานตามที่กำหนด","i_kpi_28","พผท.","10",,"GTE","เศรษฐกิจสุขภาพเป็นเลิศ",,"i_kpi_28","1"
"9131","ร้อยละที่เพิ่มของกลุ่มอุตสาหกรรมการแพทย์และการท่องเที่ยวเชิงสุขภาพมีศักยภาพในการแข่งขันในระบบเศรษฐกิจสุขภาพ","i_kpi_29","พผท.","10",,"GTE","เศรษฐกิจสุขภาพเป็นเลิศ",,"i_kpi_29","1"
"9132","จำนวนผลิตภัณฑ์สุขภาพที่ได้รับการพัฒนาให้มีศักยภาพในการส่งออก","i_kpi_30","คบส.","10",,"GTE","เศรษฐกิจสุขภาพเป็นเลิศ",,"i_kpi_30","1"
"9133","หน่วยบริการที่ผ่านเกณฑ์ระยะเวลาบริหารคงคลัง ยา/เวชภัณฑ์มิใช่ยา อยู่ในเกณฑ์เหมาะสมไม่เกิน ๖๐ วัน ระดับ C ขึ้นไป","i_kpi_31","ปก.","10","30","GTE","ประเด็นที่ 4 บริหารเป็นเลิศด้วยธรรมาภิบาล Governance Excellence","การติดตามและประเมินผล (M&E) PP Fee Schedule  สปสช.","i_kpi_31","1"
